"","states","obs","prob","time"
"1",1,1,0.6,0
"2",1,1,0.54,1
"3",1,1,0.486,2
"4",1,1,0.4374,3
"5",1,1,0.39366,4
"6",1,1,0.354294,5
"7",1,0,0.0354294,6
"8",1,1,0.03188646,7
"9",2,1,0.009565938,8
"10",2,0,0.0066961566,9
"11",2,0,0.00468730962,10
"12",2,0,0.003281116734,11
"13",2,0,0.0022967817138,12
"14",2,1,0.00068903451414,13
"15",2,0,0.000482324159898,14
"16",1,1,0.0004340917439082,15
"17",1,1,0.00039068256951738,16
"18",1,1,0.000351614312565642,17
"19",1,1,0.000316452881309078,18
"20",1,0,3.16452881309078e-05,19
"21",1,1,2.8480759317817e-05,20
"22",1,1,2.56326833860353e-05,21
"23",1,0,2.56326833860353e-06,22
"24",1,1,2.30694150474318e-06,23
"25",1,1,2.07624735426886e-06,24
"26",1,1,1.86862261884197e-06,25
"27",1,1,1.68176035695778e-06,26
"28",2,0,1.17723224987044e-06,27
"29",2,1,3.53169674961133e-07,28
"30",2,1,1.0595090248834e-07,29
"31",2,0,7.41656317418379e-08,30
"32",2,0,5.19159422192865e-08,31
"33",2,1,1.5574782665786e-08,32
"34",2,1,4.67243479973579e-09,33
"35",2,0,3.27070435981505e-09,34
"36",2,0,2.28949305187054e-09,35
"37",2,1,6.86847915561161e-10,36
"38",2,0,4.80793540892813e-10,37
"39",2,1,1.44238062267844e-10,38
"40",2,0,1.00966643587491e-10,39
"41",2,0,7.06766505112434e-11,40
"42",2,0,4.94736553578704e-11,41
"43",1,1,4.45262898220834e-11,42
"44",1,1,4.0073660839875e-11,43
"45",1,1,3.60662947558875e-11,44
"46",1,1,3.24596652802988e-11,45
"47",2,0,2.27217656962091e-11,46
"48",2,0,1.59052359873464e-11,47
"49",2,1,4.77157079620392e-12,48
"50",2,0,3.34009955734274e-12,49
"51",2,0,2.33806969013992e-12,50
"52",2,0,1.63664878309794e-12,51
"53",2,1,4.90994634929383e-13,52
"54",2,0,3.43696244450568e-13,53
"55",2,0,2.40587371115398e-13,54
"56",2,0,1.68411159780778e-13,55
"57",2,1,5.05233479342335e-14,56
"58",2,0,3.53663435539635e-14,57
"59",2,0,2.47564404877744e-14,58
"60",1,1,2.2280796438997e-14,59
"61",1,1,2.00527167950973e-14,60
"62",1,1,1.80474451155876e-14,61
"63",1,1,1.62427006040288e-14,62
"64",1,1,1.46184305436259e-14,63
"65",1,1,1.31565874892633e-14,64
"66",2,0,9.20961124248433e-15,65
"67",2,0,6.44672786973903e-15,66
"68",2,0,4.51270950881732e-15,67
"69",2,0,3.15889665617212e-15,68
"70",1,1,2.84300699055491e-15,69
"71",1,1,2.55870629149942e-15,70
"72",1,1,2.30283566234948e-15,71
"73",1,1,2.07255209611453e-15,72
"74",1,1,1.86529688650308e-15,73
"75",1,0,1.86529688650308e-16,74
"76",1,0,1.86529688650308e-17,75
"77",1,1,1.67876719785277e-17,76
"78",1,1,1.51089047806749e-17,77
"79",1,1,1.35980143026074e-17,78
"80",1,1,1.22382128723467e-17,79
"81",1,0,1.22382128723467e-18,80
"82",1,1,1.1014391585112e-18,81
"83",1,1,9.91295242660083e-19,82
"84",1,1,8.92165718394075e-19,83
"85",1,1,8.02949146554667e-19,84
"86",1,1,7.226542318992e-19,85
"87",2,1,2.1679626956976e-19,86
"88",2,0,1.51757388698832e-19,87
"89",1,1,1.36581649828949e-19,88
"90",1,1,1.22923484846054e-19,89
"91",1,0,1.22923484846054e-20,90
"92",1,0,1.22923484846054e-21,91
"93",1,1,1.10631136361449e-21,92
"94",1,1,9.95680227253038e-22,93
"95",1,1,8.96112204527734e-22,94
"96",1,1,8.0650098407496e-22,95
"97",1,1,7.25850885667464e-22,96
"98",1,1,6.53265797100718e-22,97
"99",1,1,5.87939217390646e-22,98
"100",1,0,5.87939217390646e-23,99
"101",1,1,5.29145295651582e-23,100
"102",1,1,4.76230766086423e-23,101
"103",1,1,4.28607689477781e-23,102
"104",1,1,3.85746920530003e-23,103
"105",1,0,3.85746920530003e-24,104
"106",1,1,3.47172228477003e-24,105
"107",1,1,3.12455005629302e-24,106
"108",1,1,2.81209505066372e-24,107
"109",2,0,1.96846653546461e-24,108
"110",2,0,1.37792657482522e-24,109
"111",2,0,9.64548602377657e-25,110
"112",2,1,2.89364580713297e-25,111
"113",2,0,2.02555206499308e-25,112
"114",2,0,1.41788644549516e-25,113
"115",2,0,9.92520511846608e-26,114
"116",2,0,6.94764358292626e-26,115
"117",2,0,4.86335050804838e-26,116
"118",2,1,1.45900515241451e-26,117
"119",2,0,1.02130360669016e-26,118
"120",2,0,7.14912524683112e-27,119
"121",2,1,2.14473757404934e-27,120
"122",1,1,1.9302638166444e-27,121
"123",1,1,1.73723743497996e-27,122
"124",2,0,1.21606620448597e-27,123
"125",2,1,3.64819861345792e-28,124
"126",1,1,3.28337875211213e-28,125
"127",1,1,2.95504087690091e-28,126
"128",1,1,2.65953678921082e-28,127
"129",1,1,2.39358311028974e-28,128
"130",2,0,1.67550817720282e-28,129
"131",2,1,5.02652453160846e-29,130
"132",2,0,3.51856717212592e-29,131
"133",2,0,2.46299702048814e-29,132
"134",2,1,7.38899106146443e-30,133
"135",1,1,6.65009195531799e-30,134
"136",1,0,6.65009195531799e-31,135
"137",1,1,5.98508275978619e-31,136
"138",1,1,5.38657448380757e-31,137
"139",1,1,4.84791703542681e-31,138
"140",1,1,4.36312533188413e-31,139
"141",1,1,3.92681279869572e-31,140
"142",1,0,3.92681279869572e-32,141
"143",1,1,3.53413151882615e-32,142
"144",1,1,3.18071836694353e-32,143
"145",1,0,3.18071836694353e-33,144
"146",1,1,2.86264653024918e-33,145
"147",1,1,2.57638187722426e-33,146
"148",1,1,2.31874368950184e-33,147
"149",1,1,2.08686932055165e-33,148
"150",1,1,1.87818238849649e-33,149
"151",1,0,1.87818238849649e-34,150
"152",1,1,1.69036414964684e-34,151
"153",1,1,1.52132773468215e-34,152
"154",1,1,1.36919496121394e-34,153
"155",1,1,1.23227546509255e-34,154
"156",1,1,1.10904791858329e-34,155
"157",1,1,9.98143126724962e-35,156
"158",1,1,8.98328814052466e-35,157
"159",2,0,6.28830169836726e-35,158
"160",2,1,1.88649050951018e-35,159
"161",2,1,5.65947152853053e-36,160
"162",2,1,1.69784145855916e-36,161
"163",2,0,1.18848902099141e-36,162
"164",2,0,8.31942314693988e-37,163
"165",2,0,5.82359620285792e-37,164
"166",2,0,4.07651734200054e-37,165
"167",2,1,1.22295520260016e-37,166
"168",2,1,3.66886560780049e-38,167
"169",2,1,1.10065968234015e-38,168
"170",2,1,3.30197904702044e-39,169
"171",1,1,2.97178114231839e-39,170
"172",1,1,2.67460302808655e-39,171
"173",1,1,2.4071427252779e-39,172
"174",2,0,1.68499990769453e-39,173
"175",2,1,5.05499972308359e-40,174
"176",2,0,3.53849980615851e-40,175
"177",1,1,3.18464982554266e-40,176
"178",1,1,2.86618484298839e-40,177
"179",1,1,2.57956635868955e-40,178
"180",1,1,2.3216097228206e-40,179
"181",1,1,2.08944875053854e-40,180
"182",1,1,1.88050387548469e-40,181
"183",2,0,1.31635271283928e-40,182
"184",2,1,3.94905813851784e-41,183
"185",2,0,2.76434069696249e-41,184
"186",2,0,1.93503848787374e-41,185
"187",2,0,1.35452694151162e-41,186
"188",1,1,1.21907424736046e-41,187
"189",1,1,1.09716682262441e-41,188
"190",2,0,7.68016775837088e-42,189
"191",2,0,5.37611743085961e-42,190
"192",2,1,1.61283522925788e-42,191
"193",2,0,1.12898466048052e-42,192
"194",2,1,3.38695398144156e-43,193
"195",2,0,2.37086778700909e-43,194
"196",2,0,1.65960745090636e-43,195
"197",2,0,1.16172521563445e-43,196
"198",1,1,1.04555269407101e-43,197
"199",1,1,9.40997424663908e-44,198
"200",1,1,8.46897682197517e-44,199
"201",1,1,7.62207913977765e-44,200
"202",1,1,6.85987122579989e-44,201
"203",1,1,6.1738841032199e-44,202
"204",1,1,5.55649569289791e-44,203
"205",1,1,5.00084612360812e-44,204
"206",1,1,4.50076151124731e-44,205
"207",1,0,4.50076151124731e-45,206
"208",1,1,4.05068536012258e-45,207
"209",1,1,3.64561682411032e-45,208
"210",1,1,3.28105514169929e-45,209
"211",1,1,2.95294962752936e-45,210
"212",1,1,2.65765466477642e-45,211
"213",1,1,2.39188919829878e-45,212
"214",1,1,2.1527002784689e-45,213
"215",1,1,1.93743025062201e-45,214
"216",1,1,1.74368722555981e-45,215
"217",1,1,1.56931850300383e-45,216
"218",1,1,1.41238665270345e-45,217
"219",1,1,1.2711479874331e-45,218
"220",1,1,1.14403318868979e-45,219
"221",1,1,1.02962986982081e-45,220
"222",2,1,3.08888960946244e-46,221
"223",2,1,9.26666882838732e-47,222
"224",2,0,6.48666817987112e-47,223
"225",2,1,1.94600045396134e-47,224
"226",2,1,5.83800136188401e-48,225
"227",1,1,5.25420122569561e-48,226
"228",1,1,4.72878110312605e-48,227
"229",1,1,4.25590299281344e-48,228
"230",1,1,3.8303126935321e-48,229
"231",1,1,3.44728142417889e-48,230
"232",1,0,3.44728142417889e-49,231
"233",1,1,3.102553281761e-49,232
"234",2,0,2.1717872972327e-49,233
"235",2,1,6.5153618916981e-50,234
"236",2,0,4.56075332418867e-50,235
"237",2,0,3.19252732693207e-50,236
"238",2,0,2.23476912885245e-50,237
"239",1,1,2.0112922159672e-50,238
"240",1,1,1.81016299437048e-50,239
"241",1,1,1.62914669493344e-50,240
"242",1,1,1.46623202544009e-50,241
"243",1,1,1.31960882289608e-50,242
"244",1,1,1.18764794060647e-50,243
"245",2,0,8.31353558424532e-51,244
"246",2,0,5.81947490897172e-51,245
"247",2,0,4.07363243628021e-51,246
"248",2,0,2.85154270539614e-51,247
"249",2,0,1.9960798937773e-51,248
"250",2,1,5.9882396813319e-52,249
"251",2,0,4.19176777693233e-52,250
"252",2,1,1.2575303330797e-52,251
"253",2,0,8.80271233155789e-53,252
"254",2,1,2.64081369946737e-53,253
"255",2,0,1.84856958962716e-53,254
"256",1,1,1.66371263066444e-53,255
"257",1,1,1.497341367598e-53,256
"258",1,1,1.3476072308382e-53,257
"259",1,1,1.21284650775438e-53,258
"260",1,1,1.09156185697894e-53,259
"261",1,1,9.82405671281046e-54,260
"262",1,0,9.82405671281046e-55,261
"263",1,0,9.82405671281046e-56,262
"264",1,1,8.84165104152942e-56,263
"265",1,1,7.95748593737648e-56,264
"266",1,1,7.16173734363883e-56,265
"267",1,1,6.44556360927495e-56,266
"268",1,1,5.80100724834745e-56,267
"269",1,0,5.80100724834745e-57,268
"270",1,1,5.22090652351271e-57,269
"271",1,0,5.22090652351271e-58,270
"272",1,0,5.22090652351271e-59,271
"273",1,1,4.69881587116144e-59,272
"274",1,1,4.2289342840453e-59,273
"275",1,1,3.80604085564077e-59,274
"276",1,1,3.42543677007669e-59,275
"277",1,1,3.08289309306902e-59,276
"278",1,0,3.08289309306902e-60,277
"279",1,1,2.77460378376212e-60,278
"280",1,1,2.49714340538591e-60,279
"281",1,1,2.24742906484732e-60,280
"282",1,1,2.02268615836258e-60,281
"283",2,0,1.41588031085381e-60,282
"284",2,0,9.91116217597667e-61,283
"285",1,1,8.920045958379e-61,284
"286",1,1,8.0280413625411e-61,285
"287",1,1,7.22523722628699e-61,286
"288",1,1,6.50271350365829e-61,287
"289",1,1,5.85244215329246e-61,288
"290",1,1,5.26719793796322e-61,289
"291",1,1,4.74047814416689e-61,290
"292",1,1,4.2664303297502e-61,291
"293",2,1,1.27992909892506e-61,292
"294",1,1,1.15193618903256e-61,293
"295",1,1,1.0367425701293e-61,294
"296",2,0,7.2571979909051e-62,295
"297",1,1,6.53147819181459e-62,296
"298",1,1,5.87833037263313e-62,297
"299",1,1,5.29049733536982e-62,298
"300",1,1,4.76144760183284e-62,299
"301",1,0,4.76144760183284e-63,300
"302",2,0,3.33301332128299e-63,301
"303",2,0,2.33310932489809e-63,302
"304",1,1,2.09979839240828e-63,303
"305",1,1,1.88981855316745e-63,304
"306",1,1,1.70083669785071e-63,305
"307",1,1,1.53075302806564e-63,306
"308",1,1,1.37767772525907e-63,307
"309",1,1,1.23990995273317e-63,308
"310",1,1,1.11591895745985e-63,309
"311",1,1,1.00432706171386e-63,310
"312",1,1,9.03894355542478e-64,311
"313",1,1,8.1350491998823e-64,312
"314",1,1,7.32154427989407e-64,313
"315",1,1,6.58938985190467e-64,314
"316",1,1,5.9304508667142e-64,315
"317",1,1,5.33740578004278e-64,316
"318",1,1,4.8036652020385e-64,317
"319",1,1,4.32329868183465e-64,318
"320",1,1,3.89096881365119e-64,319
"321",1,1,3.50187193228607e-64,320
"322",2,1,1.05056157968582e-64,321
"323",2,0,7.35393105780074e-65,322
"324",2,1,2.20617931734022e-65,323
"325",1,0,2.20617931734022e-66,324
"326",1,1,1.9855613856062e-66,325
"327",1,1,1.78700524704558e-66,326
"328",1,1,1.60830472234102e-66,327
"329",1,1,1.44747425010692e-66,328
"330",2,0,1.01323197507484e-66,329
"331",2,0,7.09262382552391e-67,330
"332",1,1,6.38336144297152e-67,331
"333",1,1,5.74502529867437e-67,332
"334",1,1,5.17052276880693e-67,333
"335",1,1,4.65347049192624e-67,334
"336",1,1,4.18812344273361e-67,335
"337",1,1,3.76931109846025e-67,336
"338",1,1,3.39237998861423e-67,337
"339",1,1,3.0531419897528e-67,338
"340",1,1,2.74782779077752e-67,339
"341",1,1,2.47304501169977e-67,340
"342",1,1,2.22574051052979e-67,341
"343",1,1,2.00316645947682e-67,342
"344",1,0,2.00316645947682e-68,343
"345",1,1,1.80284981352913e-68,344
"346",1,1,1.62256483217622e-68,345
"347",1,1,1.4603083489586e-68,346
"348",1,1,1.31427751406274e-68,347
"349",1,1,1.18284976265646e-68,348
"350",1,1,1.06456478639082e-68,349
"351",2,1,3.19369435917246e-69,350
"352",2,0,2.23558605142072e-69,351
"353",2,0,1.5649102359945e-69,352
"354",1,1,1.40841921239505e-69,353
"355",2,0,9.85893448676537e-70,354
"356",2,0,6.90125414073576e-70,355
"357",2,0,4.83087789851503e-70,356
"358",2,0,3.38161452896052e-70,357
"359",1,1,3.04345307606447e-70,358
"360",1,1,2.73910776845802e-70,359
"361",1,1,2.46519699161222e-70,360
"362",1,1,2.218677292451e-70,361
"363",1,1,1.9968095632059e-70,362
"364",1,1,1.79712860688531e-70,363
"365",1,1,1.61741574619678e-70,364
"366",1,0,1.61741574619678e-71,365
"367",1,1,1.4556741715771e-71,366
"368",1,1,1.31010675441939e-71,367
"369",1,1,1.17909607897745e-71,368
"370",1,1,1.06118647107971e-71,369
"371",1,1,9.55067823971735e-72,370
"372",1,0,9.55067823971735e-73,371
"373",1,1,8.59561041574562e-73,372
"374",1,1,7.73604937417106e-73,373
"375",1,0,7.73604937417106e-74,374
"376",1,1,6.96244443675395e-74,375
"377",1,1,6.26619999307856e-74,376
"378",1,1,5.6395799937707e-74,377
"379",1,1,5.07562199439363e-74,378
"380",1,1,4.56805979495427e-74,379
"381",1,1,4.11125381545884e-74,380
"382",1,1,3.70012843391296e-74,381
"383",1,1,3.33011559052166e-74,382
"384",1,1,2.9971040314695e-74,383
"385",1,1,2.69739362832255e-74,384
"386",1,1,2.42765426549029e-74,385
"387",1,1,2.18488883894126e-74,386
"388",1,1,1.96639995504714e-74,387
"389",1,1,1.76975995954242e-74,388
"390",2,1,5.30927987862727e-75,389
"391",2,0,3.71649591503909e-75,390
"392",1,1,3.34484632353518e-75,391
"393",1,0,3.34484632353518e-76,392
"394",1,1,3.01036169118166e-76,393
"395",1,1,2.7093255220635e-76,394
"396",1,1,2.43839296985715e-76,395
"397",1,1,2.19455367287143e-76,396
"398",1,1,1.97509830558429e-76,397
"399",1,1,1.77758847502586e-76,398
"400",2,0,1.2443119325181e-76,399
"401",2,0,8.71018352762671e-77,400
"402",2,0,6.0971284693387e-77,401
"403",2,0,4.26798992853709e-77,402
"404",2,0,2.98759294997596e-77,403
"405",1,1,2.68883365497836e-77,404
"406",1,1,2.41995028948053e-77,405
"407",1,1,2.17795526053248e-77,406
"408",1,1,1.96015973447923e-77,407
"409",1,1,1.76414376103131e-77,408
"410",1,1,1.58772938492817e-77,409
"411",1,1,1.42895644643536e-77,410
"412",1,1,1.28606080179182e-77,411
"413",1,1,1.15745472161264e-77,412
"414",1,1,1.04170924945138e-77,413
"415",1,1,9.37538324506238e-78,414
"416",1,1,8.43784492055614e-78,415
"417",1,1,7.59406042850053e-78,416
"418",2,0,5.31584229995037e-78,417
"419",2,1,1.59475268998511e-78,418
"420",2,1,4.78425806995533e-79,419
"421",1,1,4.3058322629598e-79,420
"422",1,1,3.87524903666382e-79,421
"423",1,1,3.48772413299744e-79,422
"424",1,1,3.13895171969769e-79,423
"425",1,1,2.82505654772792e-79,424
"426",1,1,2.54255089295513e-79,425
"427",1,1,2.28829580365962e-79,426
"428",1,1,2.05946622329366e-79,427
"429",1,0,2.05946622329366e-80,428
"430",1,1,1.85351960096429e-80,429
"431",1,1,1.66816764086786e-80,430
"432",1,1,1.50135087678108e-80,431
"433",1,1,1.35121578910297e-80,432
"434",1,1,1.21609421019267e-80,433
"435",1,1,1.0944847891734e-80,434
"436",1,1,9.85036310256064e-81,435
"437",1,1,8.86532679230458e-81,436
"438",1,1,7.97879411307412e-81,437
"439",1,1,7.18091470176671e-81,438
"440",1,1,6.46282323159004e-81,439
"441",2,0,4.52397626211303e-81,440
"442",2,0,3.16678338347912e-81,441
"443",1,1,2.85010504513121e-81,442
"444",2,0,1.99507353159184e-81,443
"445",2,0,1.39655147211429e-81,444
"446",2,0,9.77586030480003e-82,445
"447",2,0,6.84310221336002e-82,446
"448",2,0,4.79017154935202e-82,447
"449",2,0,3.35312008454641e-82,448
"450",2,0,2.34718405918249e-82,449
"451",2,0,1.64302884142774e-82,450
"452",1,1,1.47872595728497e-82,451
"453",1,1,1.33085336155647e-82,452
"454",1,1,1.19776802540082e-82,453
"455",1,1,1.07799122286074e-82,454
"456",1,1,9.70192100574667e-83,455
"457",1,1,8.731728905172e-83,456
"458",1,1,7.8585560146548e-83,457
"459",1,1,7.07270041318932e-83,458
"460",1,1,6.36543037187039e-83,459
"461",1,0,6.36543037187039e-84,460
"462",1,1,5.72888733468335e-84,461
"463",1,1,5.15599860121502e-84,462
"464",1,1,4.64039874109352e-84,463
"465",1,1,4.17635886698417e-84,464
"466",2,0,2.92345120688892e-84,465
"467",2,0,2.04641584482224e-84,466
"468",2,0,1.43249109137557e-84,467
"469",1,1,1.28924198223801e-84,468
"470",1,1,1.16031778401421e-84,469
"471",1,1,1.04428600561279e-84,470
"472",1,1,9.3985740505151e-85,471
"473",1,0,9.39857405051511e-86,472
"474",1,1,8.45871664546359e-86,473
"475",1,1,7.61284498091724e-86,474
"476",1,1,6.85156048282551e-86,475
"477",1,1,6.16640443454296e-86,476
"478",1,1,5.54976399108867e-86,477
"479",1,1,4.9947875919798e-86,478
"480",1,1,4.49530883278182e-86,479
"481",2,0,3.14671618294727e-86,480
"482",2,0,2.20270132806309e-86,481
"483",2,0,1.54189092964416e-86,482
"484",2,1,4.62567278893249e-87,483
"485",2,1,1.38770183667975e-87,484
"486",2,0,9.71391285675823e-88,485
"487",2,0,6.79973899973076e-88,486
"488",2,0,4.75981729981153e-88,487
"489",2,0,3.33187210986807e-88,488
"490",1,1,2.99868489888127e-88,489
"491",1,1,2.69881640899314e-88,490
"492",1,1,2.42893476809383e-88,491
"493",1,0,2.42893476809383e-89,492
"494",1,1,2.18604129128444e-89,493
"495",1,1,1.967437162156e-89,494
"496",2,0,1.3772060135092e-89,495
"497",2,1,4.1316180405276e-90,496
"498",2,0,2.89213262836932e-90,497
"499",2,0,2.02449283985852e-90,498
"500",1,1,1.82204355587267e-90,499
"501",1,0,1.82204355587267e-91,500
"502",1,1,1.6398392002854e-91,501
"503",1,1,1.47585528025686e-91,502
"504",1,0,1.47585528025686e-92,503
"505",1,1,1.32826975223118e-92,504
"506",1,1,1.19544277700806e-92,505
"507",2,1,3.58632833102418e-93,506
"508",2,0,2.51042983171692e-93,507
"509",1,1,2.25938684854523e-93,508
"510",1,1,2.03344816369071e-93,509
"511",2,0,1.4234137145835e-93,510
"512",2,0,9.96389600208447e-94,511
"513",2,0,6.97472720145913e-94,512
"514",1,1,6.27725448131322e-94,513
"515",1,1,5.6495290331819e-94,514
"516",1,1,5.08457612986371e-94,515
"517",1,1,4.57611851687734e-94,516
"518",1,1,4.1185066651896e-94,517
"519",1,1,3.70665599867064e-94,518
"520",1,0,3.70665599867064e-95,519
"521",1,1,3.33599039880358e-95,520
"522",1,1,3.00239135892322e-95,521
"523",1,1,2.7021522230309e-95,522
"524",1,1,2.43193700072781e-95,523
"525",1,1,2.18874330065503e-95,524
"526",2,0,1.53212031045852e-95,525
"527",1,1,1.37890827941267e-95,526
"528",2,0,9.65235795588867e-96,527
"529",1,1,8.68712216029981e-96,528
"530",1,1,7.81840994426983e-96,529
"531",1,1,7.03656894984284e-96,530
"532",1,1,6.33291205485856e-96,531
"533",1,0,6.33291205485856e-97,532
"534",1,1,5.6996208493727e-97,533
"535",1,1,5.12965876443543e-97,534
"536",1,1,4.61669288799189e-97,535
"537",1,1,4.1550235991927e-97,536
"538",1,1,3.73952123927343e-97,537
"539",1,1,3.36556911534609e-97,538
"540",2,0,2.35589838074226e-97,539
"541",2,0,1.64912886651958e-97,540
"542",1,1,1.48421597986762e-97,541
"543",1,1,1.33579438188086e-97,542
"544",1,1,1.20221494369278e-97,543
"545",1,1,1.0819934493235e-97,544
"546",1,1,9.73794104391149e-98,545
"547",1,1,8.76414693952034e-98,546
"548",1,0,8.76414693952034e-99,547
"549",1,1,7.8877322455683e-99,548
"550",1,1,7.09895902101147e-99,549
"551",2,0,4.96927131470803e-99,550
"552",2,0,3.47848992029562e-99,551
"553",2,0,2.43494294420694e-99,552
"554",2,0,1.70446006094485e-99,553
"555",2,0,1.1931220426614e-99,554
"556",2,0,8.35185429862978e-100,555
"557",2,0,5.84629800904085e-100,556
"558",1,1,5.26166820813676e-100,557
"559",1,1,4.73550138732309e-100,558
"560",1,1,4.26195124859078e-100,559
"561",1,1,3.8357561237317e-100,560
"562",1,1,3.45218051135853e-100,561
"563",1,1,3.10696246022268e-100,562
"564",1,0,3.10696246022268e-101,563
"565",1,1,2.79626621420041e-101,564
"566",1,1,2.51663959278037e-101,565
"567",1,1,2.26497563350233e-101,566
"568",1,1,2.0384780701521e-101,567
"569",1,1,1.83463026313689e-101,568
"570",1,1,1.6511672368232e-101,569
"571",1,1,1.48605051314088e-101,570
"572",1,0,1.48605051314088e-102,571
"573",1,1,1.33744546182679e-102,572
"574",1,1,1.20370091564411e-102,573
"575",1,1,1.0833308240797e-102,574
"576",1,1,9.74997741671732e-103,575
"577",1,1,8.77497967504559e-103,576
"578",1,1,7.89748170754103e-103,577
"579",1,1,7.10773353678693e-103,578
"580",1,0,7.10773353678693e-104,579
"581",1,1,6.39696018310824e-104,580
"582",1,0,6.39696018310824e-105,581
"583",1,1,5.75726416479741e-105,582
"584",1,1,5.18153774831767e-105,583
"585",1,1,4.66338397348591e-105,584
"586",1,1,4.19704557613731e-105,585
"587",1,1,3.77734101852358e-105,586
"588",1,1,3.39960691667123e-105,587
"589",2,0,2.37972484166986e-105,588
"590",1,1,2.14175235750287e-105,589
"591",1,1,1.92757712175258e-105,590
"592",2,1,5.78273136525775e-106,591
"593",2,1,1.73481940957733e-106,592
"594",1,1,1.56133746861959e-106,593
"595",1,1,1.40520372175763e-106,594
"596",2,0,9.83642605230344e-107,595
"597",2,0,6.88549823661241e-107,596
"598",2,0,4.81984876562868e-107,597
"599",1,0,4.81984876562868e-108,598
"600",1,1,4.33786388906582e-108,599
"601",1,1,3.90407750015923e-108,600
"602",1,1,3.51366975014331e-108,601
"603",1,1,3.16230277512898e-108,602
"604",1,1,2.84607249761608e-108,603
"605",1,1,2.56146524785447e-108,604
"606",1,1,2.30531872306903e-108,605
"607",1,1,2.07478685076212e-108,606
"608",2,0,1.45235079553349e-108,607
"609",1,1,1.30711571598014e-108,608
"610",1,0,1.30711571598014e-109,609
"611",1,1,1.17640414438212e-109,610
"612",1,1,1.05876372994391e-109,611
"613",1,1,9.52887356949521e-110,612
"614",1,1,8.57598621254569e-110,613
"615",1,1,7.71838759129112e-110,614
"616",2,1,2.31551627738734e-110,615
"617",1,1,2.0839646496486e-110,616
"618",2,0,1.45877525475402e-110,617
"619",2,0,1.02114267832781e-110,618
"620",2,0,7.1479987482947e-111,619
"621",1,1,6.43319887346523e-111,620
"622",1,1,5.78987898611871e-111,621
"623",2,0,4.0529152902831e-111,622
"624",2,1,1.21587458708493e-111,623
"625",1,1,1.09428712837644e-111,624
"626",2,0,7.66000989863505e-112,625
"627",2,1,2.29800296959052e-112,626
"628",2,0,1.60860207871336e-112,627
"629",2,1,4.82580623614008e-113,628
"630",2,0,3.37806436529806e-113,629
"631",2,0,2.36464505570864e-113,630
"632",2,1,7.09393516712592e-114,631
"633",2,0,4.96575461698814e-114,632
"634",2,0,3.4760282318917e-114,633
"635",2,0,2.43321976232419e-114,634
"636",2,0,1.70325383362693e-114,635
"637",2,0,1.19227768353885e-114,636
"638",1,0,1.19227768353885e-115,637
"639",1,0,1.19227768353885e-116,638
"640",1,1,1.07304991518497e-116,639
"641",1,1,9.65744923666471e-117,640
"642",1,1,8.69170431299824e-117,641
"643",1,1,7.82253388169842e-117,642
"644",1,1,7.04028049352857e-117,643
"645",1,1,6.33625244417572e-117,644
"646",1,1,5.70262719975815e-117,645
"647",1,1,5.13236447978233e-117,646
"648",1,1,4.6191280318041e-117,647
"649",1,1,4.15721522862369e-117,648
"650",1,1,3.74149370576132e-117,649
"651",1,1,3.36734433518519e-117,650
"652",1,1,3.03060990166667e-117,651
"653",1,1,2.7275489115e-117,652
"654",1,1,2.45479402035e-117,653
"655",1,1,2.209314618315e-117,654
"656",1,1,1.9883831564835e-117,655
"657",1,1,1.78954484083515e-117,656
"658",1,1,1.61059035675164e-117,657
"659",2,0,1.12741324972615e-117,658
"660",2,0,7.89189274808302e-118,659
"661",1,1,7.10270347327472e-118,660
"662",1,1,6.39243312594725e-118,661
"663",1,1,5.75318981335252e-118,662
"664",1,1,5.17787083201727e-118,663
"665",1,1,4.66008374881554e-118,664
"666",1,1,4.19407537393399e-118,665
"667",1,1,3.77466783654059e-118,666
"668",1,1,3.39720105288653e-118,667
"669",1,1,3.05748094759788e-118,668
"670",1,1,2.75173285283809e-118,669
"671",1,1,2.47655956755428e-118,670
"672",1,1,2.22890361079885e-118,671
"673",1,1,2.00601324971897e-118,672
"674",1,1,1.80541192474707e-118,673
"675",1,1,1.62487073227236e-118,674
"676",1,1,1.46238365904513e-118,675
"677",1,1,1.31614529314062e-118,676
"678",1,1,1.18453076382655e-118,677
"679",1,1,1.0660776874439e-118,678
"680",1,1,9.59469918699509e-119,679
"681",1,0,9.59469918699509e-120,680
"682",1,1,8.63522926829558e-120,681
"683",1,1,7.77170634146602e-120,682
"684",1,0,7.77170634146602e-121,683
"685",1,1,6.99453570731942e-121,684
"686",2,1,2.09836071219583e-121,685
"687",1,1,1.88852464097624e-121,686
"688",2,0,1.32196724868337e-121,687
"689",2,0,9.25377074078359e-122,688
"690",2,1,2.77613122223508e-122,689
"691",2,0,1.94329185556455e-122,690
"692",2,0,1.36030429889519e-122,691
"693",2,0,9.52213009226631e-123,692
"694",2,0,6.66549106458642e-123,693
"695",2,1,1.99964731937593e-123,694
"696",2,0,1.39975312356315e-123,695
"697",2,0,9.79827186494204e-124,696
"698",2,0,6.85879030545942e-124,697
"699",2,1,2.05763709163783e-124,698
"700",2,1,6.17291127491348e-125,699
"701",1,1,5.55562014742213e-125,700
"702",1,1,5.00005813267992e-125,701
"703",1,1,4.50005231941193e-125,702
"704",1,0,4.50005231941193e-126,703
"705",1,1,4.05004708747073e-126,704
"706",1,1,3.64504237872366e-126,705
"707",1,1,3.2805381408513e-126,706
"708",1,1,2.95248432676617e-126,707
"709",1,1,2.65723589408955e-126,708
"710",1,1,2.39151230468059e-126,709
"711",1,1,2.15236107421254e-126,710
"712",1,1,1.93712496679128e-126,711
"713",1,1,1.74341247011215e-126,712
"714",1,1,1.56907122310094e-126,713
"715",1,1,1.41216410079084e-126,714
"716",1,1,1.27094769071176e-126,715
"717",1,0,1.27094769071176e-127,716
"718",1,1,1.14385292164058e-127,717
"719",1,1,1.02946762947653e-127,718
"720",1,1,9.26520866528873e-128,719
"721",1,1,8.33868779875986e-128,720
"722",1,1,7.50481901888388e-128,721
"723",2,1,2.25144570566516e-128,722
"724",2,1,6.75433711699549e-129,723
"725",2,0,4.72803598189684e-129,724
"726",1,1,4.25523238370716e-129,725
"727",1,1,3.82970914533644e-129,726
"728",1,1,3.4467382308028e-129,727
"729",1,1,3.10206440772252e-129,728
"730",1,1,2.79185796695027e-129,729
"731",2,0,1.95430057686519e-129,730
"732",1,1,1.75887051917867e-129,731
"733",1,1,1.5829834672608e-129,732
"734",1,1,1.42468512053472e-129,733
"735",1,1,1.28221660848125e-129,734
"736",1,1,1.15399494763312e-129,735
"737",1,1,1.03859545286981e-129,736
"738",1,1,9.3473590758283e-130,737
"739",1,1,8.41262316824547e-130,738
"740",1,1,7.57136085142093e-130,739
"741",1,1,6.81422476627883e-130,740
"742",1,1,6.13280228965095e-130,741
"743",2,0,4.29296160275566e-130,742
"744",2,0,3.00507312192897e-130,743
"745",2,0,2.10355118535028e-130,744
"746",2,1,6.31065355605083e-131,745
"747",2,0,4.41745748923558e-131,746
"748",2,1,1.32523724677067e-131,747
"749",1,1,1.19271352209361e-131,748
"750",1,1,1.07344216988425e-131,749
"751",1,1,9.66097952895821e-132,750
"752",1,1,8.69488157606239e-132,751
"753",1,1,7.82539341845615e-132,752
"754",1,1,7.04285407661054e-132,753
"755",1,1,6.33856866894948e-132,754
"756",1,1,5.70471180205453e-132,755
"757",2,1,1.71141354061636e-132,756
"758",1,1,1.54027218655472e-132,757
"759",1,1,1.38624496789925e-132,758
"760",1,1,1.24762047110933e-132,759
"761",1,0,1.24762047110933e-133,760
"762",1,1,1.12285842399839e-133,761
"763",1,1,1.01057258159855e-133,762
"764",1,1,9.09515323438699e-134,763
"765",1,1,8.18563791094829e-134,764
"766",2,0,5.7299465376638e-134,765
"767",2,1,1.71898396129914e-134,766
"768",2,1,5.15695188389742e-135,767
"769",2,0,3.6098663187282e-135,768
"770",2,1,1.08295989561846e-135,769
"771",2,0,7.58071926932921e-136,770
"772",2,0,5.30650348853045e-136,771
"773",2,0,3.71455244197131e-136,772
"774",1,1,3.34309719777418e-136,773
"775",2,0,2.34016803844193e-136,774
"776",2,0,1.63811762690935e-136,775
"777",1,0,1.63811762690935e-137,776
"778",1,0,1.63811762690935e-138,777
"779",1,1,1.47430586421841e-138,778
"780",1,0,1.47430586421841e-139,779
"781",1,1,1.32687527779657e-139,780
"782",2,0,9.28812694457601e-140,781
"783",2,1,2.7864380833728e-140,782
"784",2,0,1.95050665836096e-140,783
"785",2,1,5.85151997508288e-141,784
"786",2,0,4.09606398255802e-141,785
"787",2,0,2.86724478779061e-141,786
"788",2,1,8.60173436337184e-142,787
"789",2,0,6.02121405436029e-142,788
"790",2,0,4.2148498380522e-142,789
"791",2,0,2.95039488663654e-142,790
"792",2,0,2.06527642064558e-142,791
"793",2,1,6.19582926193673e-143,792
"794",2,0,4.33708048335571e-143,793
"795",2,0,3.035956338349e-143,794
"796",2,0,2.1251694368443e-143,795
"797",2,0,1.48761860579101e-143,796
"798",2,1,4.46285581737303e-144,797
"799",2,0,3.12399907216112e-144,798
"800",1,1,2.81159916494501e-144,799
"801",1,1,2.53043924845051e-144,800
"802",1,1,2.27739532360546e-144,801
"803",1,1,2.04965579124491e-144,802
"804",1,1,1.84469021212042e-144,803
"805",1,1,1.66022119090838e-144,804
"806",2,0,1.16215483363586e-144,805
"807",2,0,8.13508383545105e-145,806
"808",2,1,2.44052515063531e-145,807
"809",2,0,1.70836760544472e-145,808
"810",2,1,5.12510281633416e-146,809
"811",1,1,4.61259253470074e-146,810
"812",1,1,4.15133328123067e-146,811
"813",1,1,3.7361999531076e-146,812
"814",1,1,3.36257995779684e-146,813
"815",1,1,3.02632196201716e-146,814
"816",2,1,9.07896588605148e-147,815
"817",2,0,6.35527612023603e-147,816
"818",2,1,1.90658283607081e-147,817
"819",2,0,1.33460798524957e-147,818
"820",2,0,9.34225589674696e-148,819
"821",2,1,2.80267676902409e-148,820
"822",2,1,8.40803030707227e-149,821
"823",2,0,5.88562121495059e-149,822
"824",2,0,4.11993485046541e-149,823
"825",1,1,3.70794136541887e-149,824
"826",1,0,3.70794136541887e-150,825
"827",1,1,3.33714722887698e-150,826
"828",1,1,3.00343250598929e-150,827
"829",1,1,2.70308925539036e-150,828
"830",1,1,2.43278032985132e-150,829
"831",1,1,2.18950229686619e-150,830
"832",2,0,1.53265160780633e-150,831
"833",2,0,1.07285612546443e-150,832
"834",2,0,7.50999287825103e-151,833
"835",2,0,5.25699501477572e-151,834
"836",2,1,1.57709850443272e-151,835
"837",1,1,1.41938865398944e-151,836
"838",1,1,1.2774497885905e-151,837
"839",1,1,1.14970480973145e-151,838
"840",1,1,1.0347343287583e-151,839
"841",1,1,9.31260895882474e-152,840
"842",1,1,8.38134806294227e-152,841
"843",1,1,7.54321325664804e-152,842
"844",1,1,6.78889193098324e-152,843
"845",1,1,6.11000273788491e-152,844
"846",1,1,5.49900246409642e-152,845
"847",1,1,4.94910221768678e-152,846
"848",1,1,4.4541919959181e-152,847
"849",2,0,3.11793439714267e-152,848
"850",2,0,2.18255407799987e-152,849
"851",2,0,1.52778785459991e-152,850
"852",2,0,1.06945149821994e-152,851
"853",2,1,3.20835449465981e-153,852
"854",2,1,9.62506348397942e-154,853
"855",1,1,8.66255713558148e-154,854
"856",1,1,7.79630142202333e-154,855
"857",1,1,7.016671279821e-154,856
"858",1,1,6.3150041518389e-154,857
"859",1,1,5.68350373665501e-154,858
"860",1,1,5.11515336298951e-154,859
"861",1,1,4.60363802669056e-154,860
"862",2,0,3.22254661868339e-154,861
"863",2,1,9.66763985605017e-155,862
"864",2,1,2.90029195681505e-155,863
"865",2,0,2.03020436977054e-155,864
"866",2,1,6.09061310931161e-156,865
"867",2,0,4.26342917651813e-156,866
"868",1,0,4.26342917651813e-157,867
"869",1,1,3.83708625886631e-157,868
"870",1,1,3.45337763297968e-157,869
"871",1,0,3.45337763297968e-158,870
"872",1,1,3.10803986968171e-158,871
"873",2,0,2.1756279087772e-158,872
"874",1,1,1.95806511789948e-158,873
"875",2,1,5.87419535369844e-159,874
"876",2,1,1.76225860610953e-159,875
"877",1,1,1.58603274549858e-159,876
"878",2,1,4.75809823649574e-160,877
"879",2,1,1.42742947094872e-160,878
"880",2,1,4.28228841284616e-161,879
"881",1,1,3.85405957156155e-161,880
"882",1,1,3.46865361440539e-161,881
"883",1,1,3.12178825296485e-161,882
"884",1,1,2.80960942766837e-161,883
"885",1,1,2.52864848490153e-161,884
"886",1,1,2.27578363641138e-161,885
"887",1,1,2.04820527277024e-161,886
"888",1,1,1.84338474549322e-161,887
"889",1,1,1.65904627094389e-161,888
"890",1,1,1.4931416438495e-161,889
"891",1,1,1.34382747946455e-161,890
"892",1,1,1.2094447315181e-161,891
"893",1,1,1.08850025836629e-161,892
"894",1,1,9.7965023252966e-162,893
"895",1,1,8.81685209276694e-162,894
"896",1,0,8.81685209276694e-163,895
"897",1,1,7.93516688349025e-163,896
"898",1,1,7.14165019514122e-163,897
"899",1,1,6.4274851756271e-163,898
"900",1,1,5.78473665806439e-163,899
"901",2,1,1.73542099741932e-163,900
"902",2,0,1.21479469819352e-163,901
"903",2,1,3.64438409458057e-164,902
"904",2,1,1.09331522837417e-164,903
"905",2,0,7.65320659861919e-165,904
"906",2,0,5.35724461903343e-165,905
"907",2,0,3.7500712333234e-165,906
"908",2,0,2.62504986332638e-165,907
"909",2,0,1.83753490432847e-165,908
"910",2,1,5.5126047129854e-166,909
"911",2,0,3.85882329908978e-166,910
"912",2,1,1.15764698972693e-166,911
"913",1,1,1.04188229075424e-166,912
"914",1,1,9.37694061678817e-167,913
"915",1,1,8.43924655510935e-167,914
"916",1,1,7.59532189959842e-167,915
"917",1,1,6.83578970963858e-167,916
"918",1,1,6.15221073867472e-167,917
"919",1,0,6.15221073867472e-168,918
"920",1,1,5.53698966480725e-168,919
"921",1,1,4.98329069832652e-168,920
"922",1,1,4.48496162849387e-168,921
"923",1,1,4.03646546564448e-168,922
"924",1,1,3.63281891908003e-168,923
"925",1,1,3.26953702717203e-168,924
"926",1,0,3.26953702717203e-169,925
"927",1,1,2.94258332445483e-169,926
"928",1,1,2.64832499200935e-169,927
"929",1,1,2.38349249280841e-169,928
"930",1,1,2.14514324352757e-169,929
"931",1,1,1.93062891917481e-169,930
"932",1,1,1.73756602725733e-169,931
"933",1,1,1.5638094245316e-169,932
"934",1,1,1.40742848207844e-169,933
"935",1,1,1.26668563387059e-169,934
"936",1,1,1.14001707048354e-169,935
"937",1,1,1.02601536343518e-169,936
"938",1,1,9.23413827091664e-170,937
"939",1,1,8.31072444382497e-170,938
"940",1,1,7.47965199944248e-170,939
"941",1,1,6.73168679949823e-170,940
"942",1,1,6.05851811954841e-170,941
"943",2,0,4.24096268368388e-170,942
"944",2,0,2.96867387857872e-170,943
"945",2,0,2.0780717150051e-170,944
"946",1,1,1.87026454350459e-170,945
"947",1,1,1.68323808915413e-170,946
"948",2,0,1.17826666240789e-170,947
"949",2,0,8.24786663685525e-171,948
"950",2,0,5.77350664579868e-171,949
"951",2,0,4.04145465205907e-171,950
"952",2,0,2.82901825644135e-171,951
"953",1,1,2.54611643079722e-171,952
"954",1,1,2.29150478771749e-171,953
"955",1,1,2.06235430894574e-171,954
"956",1,1,1.85611887805117e-171,955
"957",1,0,1.85611887805117e-172,956
"958",1,1,1.67050699024605e-172,957
"959",1,1,1.50345629122145e-172,958
"960",1,1,1.3531106620993e-172,959
"961",2,0,9.47177463469512e-173,960
"962",1,1,8.52459717122561e-173,961
"963",1,1,7.67213745410305e-173,962
"964",1,0,7.67213745410305e-174,963
"965",2,0,5.37049621787214e-174,964
"966",2,0,3.75934735251049e-174,965
"967",2,0,2.63154314675735e-174,966
"968",2,0,1.84208020273014e-174,967
"969",2,0,1.2894561419111e-174,968
"970",2,0,9.02619299337769e-175,969
"971",2,0,6.31833509536439e-175,970
"972",2,0,4.42283456675507e-175,971
"973",2,1,1.32685037002652e-175,972
"974",2,1,3.98055111007956e-176,973
"975",2,0,2.78638577705569e-176,974
"976",2,0,1.95047004393898e-176,975
"977",2,0,1.36532903075729e-176,976
"978",2,1,4.09598709227187e-177,977
"979",1,1,3.68638838304468e-177,978
"980",1,1,3.31774954474021e-177,979
"981",1,1,2.98597459026619e-177,980
"982",1,1,2.68737713123957e-177,981
"983",1,1,2.41863941811562e-177,982
"984",1,1,2.17677547630405e-177,983
"985",1,1,1.95909792867365e-177,984
"986",1,1,1.76318813580628e-177,985
"987",1,1,1.58686932222566e-177,986
"988",1,1,1.42818239000309e-177,987
"989",1,1,1.28536415100278e-177,988
"990",1,1,1.1568277359025e-177,989
"991",1,1,1.04114496231225e-177,990
"992",1,0,1.04114496231225e-178,991
"993",1,1,9.37030466081027e-179,992
"994",1,1,8.43327419472925e-179,993
"995",1,1,7.58994677525632e-179,994
"996",1,1,6.83095209773069e-179,995
"997",1,1,6.14785688795762e-179,996
"998",1,1,5.53307119916186e-179,997
"999",1,1,4.97976407924567e-179,998
"1000",1,1,4.48178767132111e-179,999
"1001",1,1,4.033608904189e-179,1000
"1002",1,1,3.6302480137701e-179,1001
"1003",1,1,3.26722321239309e-179,1002
"1004",1,1,2.94050089115378e-179,1003
"1005",1,1,2.6464508020384e-179,1004
"1006",1,1,2.38180572183456e-179,1005
"1007",1,1,2.1436251496511e-179,1006
"1008",1,1,1.92926263468599e-179,1007
"1009",2,0,1.3504838442802e-179,1008
"1010",1,1,1.21543545985218e-179,1009
"1011",1,1,1.09389191386696e-179,1010
"1012",1,1,9.84502722480263e-180,1011
"1013",1,1,8.86052450232237e-180,1012
"1014",1,1,7.97447205209013e-180,1013
"1015",1,0,7.97447205209013e-181,1014
"1016",1,1,7.17702484688112e-181,1015
"1017",1,1,6.45932236219301e-181,1016
"1018",1,1,5.8133901259737e-181,1017
"1019",1,1,5.23205111337633e-181,1018
"1020",1,0,5.23205111337633e-182,1019
"1021",1,1,4.7088460020387e-182,1020
"1022",1,0,4.7088460020387e-183,1021
"1023",1,1,4.23796140183483e-183,1022
"1024",1,1,3.81416526165135e-183,1023
"1025",1,1,3.43274873548621e-183,1024
"1026",1,1,3.08947386193759e-183,1025
"1027",2,0,2.16263170335631e-183,1026
"1028",1,1,1.94636853302068e-183,1027
"1029",1,1,1.75173167971861e-183,1028
"1030",1,1,1.57655851174675e-183,1029
"1031",1,1,1.41890266057208e-183,1030
"1032",1,1,1.27701239451487e-183,1031
"1033",1,0,1.27701239451487e-184,1032
"1034",1,1,1.14931115506338e-184,1033
"1035",1,1,1.03438003955704e-184,1034
"1036",1,1,9.3094203560134e-185,1035
"1037",1,1,8.37847832041206e-185,1036
"1038",1,1,7.54063048837086e-185,1037
"1039",1,1,6.78656743953377e-185,1038
"1040",1,1,6.10791069558039e-185,1039
"1041",1,1,5.49711962602236e-185,1040
"1042",1,1,4.94740766342012e-185,1041
"1043",1,1,4.45266689707811e-185,1042
"1044",1,1,4.0074002073703e-185,1043
"1045",1,1,3.60666018663327e-185,1044
"1046",1,1,3.24599416796994e-185,1045
"1047",1,1,2.92139475117295e-185,1046
"1048",1,1,2.62925527605565e-185,1047
"1049",1,1,2.36632974845009e-185,1048
"1050",1,1,2.12969677360508e-185,1049
"1051",1,1,1.91672709624457e-185,1050
"1052",1,1,1.72505438662011e-185,1051
"1053",1,1,1.5525489479581e-185,1052
"1054",1,1,1.39729405316229e-185,1053
"1055",1,1,1.25756464784606e-185,1054
"1056",1,1,1.13180818306146e-185,1055
"1057",2,0,7.9226572814302e-186,1056
"1058",2,0,5.54586009700114e-186,1057
"1059",2,0,3.8821020679008e-186,1058
"1060",2,0,2.71747144753056e-186,1059
"1061",2,0,1.90223001327139e-186,1060
"1062",2,0,1.33156100928997e-186,1061
"1063",2,0,9.32092706502981e-187,1062
"1064",1,1,8.38883435852683e-187,1063
"1065",1,1,7.54995092267415e-187,1064
"1066",1,1,6.79495583040673e-187,1065
"1067",2,1,2.03848674912202e-187,1066
"1068",2,0,1.42694072438541e-187,1067
"1069",2,0,9.9885850706979e-188,1068
"1070",2,0,6.99200954948853e-188,1069
"1071",1,1,6.29280859453967e-188,1070
"1072",1,1,5.66352773508571e-188,1071
"1073",1,1,5.09717496157714e-188,1072
"1074",2,0,3.568022473104e-188,1073
"1075",2,1,1.0704067419312e-188,1074
"1076",1,1,9.63366067738079e-189,1075
"1077",1,1,8.67029460964271e-189,1076
"1078",1,1,7.80326514867844e-189,1077
"1079",2,0,5.46228560407491e-189,1078
"1080",2,0,3.82359992285243e-189,1079
"1081",2,1,1.14707997685573e-189,1080
"1082",2,0,8.02955983799011e-190,1081
"1083",1,1,7.2266038541911e-190,1082
"1084",1,1,6.50394346877199e-190,1083
"1085",1,1,5.85354912189479e-190,1084
"1086",1,1,5.26819420970531e-190,1085
"1087",1,1,4.74137478873478e-190,1086
"1088",1,1,4.2672373098613e-190,1087
"1089",1,1,3.84051357887517e-190,1088
"1090",1,1,3.45646222098766e-190,1089
"1091",1,1,3.11081599888889e-190,1090
"1092",1,1,2.799734399e-190,1091
"1093",1,1,2.5197609591e-190,1092
"1094",1,1,2.26778486319e-190,1093
"1095",1,1,2.041006376871e-190,1094
"1096",1,1,1.8369057391839e-190,1095
"1097",1,1,1.65321516526551e-190,1096
"1098",1,1,1.48789364873896e-190,1097
"1099",1,0,1.48789364873896e-191,1098
"1100",1,1,1.33910428386506e-191,1099
"1101",1,1,1.20519385547856e-191,1100
"1102",1,1,1.0846744699307e-191,1101
"1103",1,1,9.76207022937632e-192,1102
"1104",1,1,8.78586320643869e-192,1103
"1105",1,1,7.90727688579482e-192,1104
"1106",1,1,7.11654919721534e-192,1105
"1107",1,1,6.4048942774938e-192,1106
"1108",1,1,5.76440484974442e-192,1107
"1109",1,1,5.18796436476998e-192,1108
"1110",2,0,3.63157505533899e-192,1109
"1111",1,1,3.26841754980509e-192,1110
"1112",2,0,2.28789228486356e-192,1111
"1113",2,1,6.86367685459068e-193,1112
"1114",2,0,4.80457379821348e-193,1113
"1115",2,0,3.36320165874943e-193,1114
"1116",2,1,1.00896049762483e-193,1115
"1117",2,0,7.06272348337381e-194,1116
"1118",2,0,4.94390643836167e-194,1117
"1119",1,1,4.4495157945255e-194,1118
"1120",1,0,4.4495157945255e-195,1119
"1121",1,1,4.00456421507295e-195,1120
"1122",1,1,3.60410779356566e-195,1121
"1123",1,1,3.24369701420909e-195,1122
"1124",2,1,9.73109104262727e-196,1123
"1125",1,1,8.75798193836454e-196,1124
"1126",1,1,7.88218374452809e-196,1125
"1127",1,1,7.09396537007528e-196,1126
"1128",1,1,6.38456883306775e-196,1127
"1129",1,1,5.74611194976098e-196,1128
"1130",1,1,5.17150075478488e-196,1129
"1131",2,0,3.62005052834942e-196,1130
"1132",2,0,2.53403536984459e-196,1131
"1133",2,0,1.77382475889121e-196,1132
"1134",2,1,5.32147427667364e-197,1133
"1135",2,0,3.72503199367155e-197,1134
"1136",2,0,2.60752239557008e-197,1135
"1137",2,0,1.82526567689906e-197,1136
"1138",2,0,1.27768597382934e-197,1137
"1139",2,1,3.83305792148802e-198,1138
"1140",1,1,3.44975212933922e-198,1139
"1141",1,1,3.1047769164053e-198,1140
"1142",1,0,3.1047769164053e-199,1141
"1143",1,1,2.79429922476477e-199,1142
"1144",1,1,2.51486930228829e-199,1143
"1145",1,1,2.26338237205946e-199,1144
"1146",1,1,2.03704413485352e-199,1145
"1147",1,1,1.83333972136816e-199,1146
"1148",1,1,1.65000574923135e-199,1147
"1149",1,0,1.65000574923135e-200,1148
"1150",1,1,1.48500517430821e-200,1149
"1151",2,1,4.45501552292464e-201,1150
"1152",2,0,3.11851086604725e-201,1151
"1153",2,1,9.35553259814174e-202,1152
"1154",2,0,6.54887281869922e-202,1153
"1155",2,0,4.58421097308945e-202,1154
"1156",2,0,3.20894768116262e-202,1155
"1157",2,1,9.62684304348785e-203,1156
"1158",2,0,6.7387901304415e-203,1157
"1159",2,1,2.02163703913245e-203,1158
"1160",2,1,6.06491111739735e-204,1159
"1161",2,0,4.24543778217814e-204,1160
"1162",2,0,2.9718064475247e-204,1161
"1163",2,1,8.9154193425741e-205,1162
"1164",1,1,8.02387740831669e-205,1163
"1165",1,1,7.22148966748502e-205,1164
"1166",2,1,2.1664469002455e-205,1165
"1167",2,0,1.51651283017185e-205,1166
"1168",2,0,1.0615589811203e-205,1167
"1169",2,1,3.18467694336089e-206,1168
"1170",2,1,9.55403083008267e-207,1169
"1171",2,1,2.8662092490248e-207,1170
"1172",2,0,2.00634647431736e-207,1171
"1173",2,1,6.01903942295208e-208,1172
"1174",1,1,5.41713548065688e-208,1173
"1175",1,0,5.41713548065688e-209,1174
"1176",1,0,5.41713548065688e-210,1175
"1177",1,1,4.87542193259119e-210,1176
"1178",1,0,4.87542193259119e-211,1177
"1179",1,1,4.38787973933207e-211,1178
"1180",1,1,3.94909176539886e-211,1179
"1181",1,1,3.55418258885898e-211,1180
"1182",1,1,3.19876432997308e-211,1181
"1183",1,1,2.87888789697577e-211,1182
"1184",1,1,2.5909991072782e-211,1183
"1185",1,1,2.33189919655038e-211,1184
"1186",1,1,2.09870927689534e-211,1185
"1187",1,1,1.8888383492058e-211,1186
"1188",2,0,1.32218684444406e-211,1187
"1189",2,0,9.25530791110844e-212,1188
"1190",2,1,2.77659237333253e-212,1189
"1191",2,1,8.32977711999759e-213,1190
"1192",2,0,5.83084398399832e-213,1191
"1193",2,0,4.08159078879882e-213,1192
"1194",2,1,1.22447723663965e-213,1193
"1195",1,1,1.10202951297568e-213,1194
"1196",1,1,9.91826561678113e-214,1195
"1197",1,1,8.92643905510302e-214,1196
"1198",2,1,2.67793171653091e-214,1197
"1199",2,0,1.87455220157163e-214,1198
"1200",2,1,5.6236566047149e-215,1199
"1201",2,1,1.68709698141447e-215,1200
"1202",2,0,1.18096788699013e-215,1201
"1203",1,1,1.06287109829112e-215,1202
"1204",1,1,9.56583988462005e-216,1203
"1205",1,1,8.60925589615804e-216,1204
"1206",1,1,7.74833030654224e-216,1205
"1207",1,1,6.97349727588802e-216,1206
"1208",1,1,6.27614754829921e-216,1207
"1209",1,1,5.64853279346929e-216,1208
"1210",1,1,5.08367951412236e-216,1209
"1211",1,1,4.57531156271013e-216,1210
"1212",1,1,4.11778040643911e-216,1211
"1213",1,1,3.7060023657952e-216,1212
"1214",2,0,2.59420165605664e-216,1213
"1215",2,0,1.81594115923965e-216,1214
"1216",2,0,1.27115881146775e-216,1215
"1217",2,0,8.89811168027428e-217,1216
"1218",1,1,8.00830051224685e-217,1217
"1219",1,1,7.20747046102217e-217,1218
"1220",1,1,6.48672341491995e-217,1219
"1221",1,1,5.83805107342796e-217,1220
"1222",2,0,4.08663575139957e-217,1221
"1223",2,0,2.8606450259797e-217,1222
"1224",2,1,8.58193507793909e-218,1223
"1225",2,0,6.00735455455736e-218,1224
"1226",2,0,4.20514818819015e-218,1225
"1227",2,0,2.94360373173311e-218,1226
"1228",1,0,2.94360373173311e-219,1227
"1229",1,1,2.6492433585598e-219,1228
"1230",2,0,1.85447035099186e-219,1229
"1231",2,1,5.56341105297557e-220,1230
"1232",2,0,3.8943877370829e-220,1231
"1233",1,1,3.50494896337461e-220,1232
"1234",1,1,3.15445406703715e-220,1233
"1235",1,1,2.83900866033344e-220,1234
"1236",2,0,1.9873060622334e-220,1235
"1237",1,1,1.78857545601006e-220,1236
"1238",1,1,1.60971791040906e-220,1237
"1239",1,1,1.44874611936815e-220,1238
"1240",1,1,1.30387150743134e-220,1239
"1241",1,1,1.1734843566882e-220,1240
"1242",1,1,1.05613592101938e-220,1241
"1243",1,1,9.50522328917445e-221,1242
"1244",1,1,8.554700960257e-221,1243
"1245",1,0,8.554700960257e-222,1244
"1246",1,1,7.6992308642313e-222,1245
"1247",1,1,6.92930777780817e-222,1246
"1248",2,0,4.85051544446572e-222,1247
"1249",2,0,3.395360811126e-222,1248
"1250",2,1,1.0186082433378e-222,1249
"1251",2,1,3.0558247300134e-223,1250
"1252",1,1,2.75024225701206e-223,1251
"1253",1,1,2.47521803131086e-223,1252
"1254",1,1,2.22769622817977e-223,1253
"1255",1,1,2.00492660536179e-223,1254
"1256",1,0,2.00492660536179e-224,1255
"1257",1,1,1.80443394482562e-224,1256
"1258",1,1,1.62399055034305e-224,1257
"1259",1,1,1.46159149530875e-224,1258
"1260",1,1,1.31543234577787e-224,1259
"1261",1,1,1.18388911120009e-224,1260
"1262",1,1,1.06550020008008e-224,1261
"1263",1,1,9.5895018007207e-225,1262
"1264",1,1,8.63055162064863e-225,1263
"1265",1,0,8.63055162064863e-226,1264
"1266",1,1,7.76749645858377e-226,1265
"1267",1,1,6.99074681272539e-226,1266
"1268",1,0,6.99074681272539e-227,1267
"1269",1,1,6.29167213145285e-227,1268
"1270",1,1,5.66250491830757e-227,1269
"1271",1,1,5.09625442647681e-227,1270
"1272",1,1,4.58662898382913e-227,1271
"1273",1,1,4.12796608544622e-227,1272
"1274",1,1,3.7151694769016e-227,1273
"1275",1,1,3.34365252921144e-227,1274
"1276",1,1,3.00928727629029e-227,1275
"1277",1,1,2.70835854866126e-227,1276
"1278",1,0,2.70835854866126e-228,1277
"1279",1,0,2.70835854866126e-229,1278
"1280",1,1,2.43752269379514e-229,1279
"1281",1,0,2.43752269379514e-230,1280
"1282",1,1,2.19377042441562e-230,1281
"1283",1,1,1.97439338197406e-230,1282
"1284",1,1,1.77695404377666e-230,1283
"1285",1,1,1.59925863939899e-230,1284
"1286",1,0,1.59925863939899e-231,1285
"1287",2,1,4.79777591819697e-232,1286
"1288",2,0,3.35844314273788e-232,1287
"1289",2,0,2.35091019991651e-232,1288
"1290",1,1,2.11581917992486e-232,1289
"1291",1,1,1.90423726193238e-232,1290
"1292",1,1,1.71381353573914e-232,1291
"1293",1,1,1.54243218216523e-232,1292
"1294",1,1,1.3881889639487e-232,1293
"1295",2,0,9.71732274764092e-233,1294
"1296",2,1,2.91519682429228e-233,1295
"1297",2,1,8.74559047287683e-234,1296
"1298",2,0,6.12191333101378e-234,1297
"1299",2,0,4.28533933170965e-234,1298
"1300",2,1,1.28560179951289e-234,1299
"1301",2,1,3.85680539853868e-235,1300
"1302",2,1,1.1570416195616e-235,1301
"1303",2,0,8.09929133693123e-236,1302
"1304",2,1,2.42978740107937e-236,1303
"1305",2,0,1.70085118075556e-236,1304
"1306",1,1,1.53076606268e-236,1305
"1307",1,1,1.377689456412e-236,1306
"1308",1,1,1.2399205107708e-236,1307
"1309",1,0,1.2399205107708e-237,1308
"1310",1,1,1.11592845969372e-237,1309
"1311",1,1,1.00433561372435e-237,1310
"1312",1,1,9.03902052351915e-238,1311
"1313",1,1,8.13511847116723e-238,1312
"1314",1,1,7.32160662405051e-238,1313
"1315",1,1,6.58944596164546e-238,1314
"1316",1,1,5.93050136548091e-238,1315
"1317",1,1,5.33745122893282e-238,1316
"1318",1,1,4.80370610603954e-238,1317
"1319",1,1,4.32333549543559e-238,1318
"1320",1,1,3.89100194589203e-238,1319
"1321",1,0,3.89100194589203e-239,1320
"1322",1,1,3.50190175130283e-239,1321
"1323",1,1,3.15171157617254e-239,1322
"1324",1,1,2.83654041855529e-239,1323
"1325",1,1,2.55288637669976e-239,1324
"1326",2,1,7.65865913009928e-240,1325
"1327",1,0,7.65865913009928e-241,1326
"1328",1,1,6.89279321708935e-241,1327
"1329",1,1,6.20351389538042e-241,1328
"1330",1,0,6.20351389538042e-242,1329
"1331",1,1,5.58316250584238e-242,1330
"1332",1,1,5.02484625525814e-242,1331
"1333",1,1,4.52236162973232e-242,1332
"1334",1,1,4.07012546675909e-242,1333
"1335",1,1,3.66311292008318e-242,1334
"1336",1,1,3.29680162807486e-242,1335
"1337",1,1,2.96712146526738e-242,1336
"1338",1,1,2.67040931874064e-242,1337
"1339",1,1,2.40336838686658e-242,1338
"1340",1,1,2.16303154817992e-242,1339
"1341",1,1,1.94672839336193e-242,1340
"1342",1,1,1.75205555402573e-242,1341
"1343",1,1,1.57684999862316e-242,1342
"1344",1,1,1.41916499876084e-242,1343
"1345",1,1,1.27724849888476e-242,1344
"1346",1,0,1.27724849888476e-243,1345
"1347",1,1,1.14952364899628e-243,1346
"1348",1,1,1.03457128409666e-243,1347
"1349",1,1,9.3111415568699e-244,1348
"1350",1,1,8.38002740118291e-244,1349
"1351",2,0,5.86601918082804e-244,1350
"1352",2,0,4.10621342657963e-244,1351
"1353",2,1,1.23186402797389e-244,1352
"1354",2,1,3.69559208392166e-245,1353
"1355",2,0,2.58691445874516e-245,1354
"1356",2,0,1.81084012112162e-245,1355
"1357",2,1,5.43252036336484e-246,1356
"1358",1,0,5.43252036336485e-247,1357
"1359",1,1,4.88926832702836e-247,1358
"1360",1,1,4.40034149432552e-247,1359
"1361",1,1,3.96030734489297e-247,1360
"1362",2,1,1.18809220346789e-247,1361
"1363",2,1,3.56427661040368e-248,1362
"1364",1,1,3.20784894936331e-248,1363
"1365",1,1,2.88706405442698e-248,1364
"1366",1,1,2.59835764898428e-248,1365
"1367",1,1,2.33852188408585e-248,1366
"1368",1,1,2.10466969567727e-248,1367
"1369",2,0,1.47326878697409e-248,1368
"1370",2,0,1.03128815088186e-248,1369
"1371",1,1,9.28159335793674e-249,1370
"1372",1,1,8.35343402214307e-249,1371
"1373",1,1,7.51809061992876e-249,1372
"1374",1,1,6.76628155793588e-249,1373
"1375",1,1,6.0896534021423e-249,1374
"1376",1,1,5.48068806192807e-249,1375
"1377",1,1,4.93261925573526e-249,1376
"1378",1,1,4.43935733016173e-249,1377
"1379",1,1,3.99542159714556e-249,1378
"1380",1,1,3.595879437431e-249,1379
"1381",1,1,3.2362914936879e-249,1380
"1382",1,1,2.91266234431911e-249,1381
"1383",1,1,2.6213961098872e-249,1382
"1384",1,1,2.35925649889848e-249,1383
"1385",1,1,2.12333084900863e-249,1384
"1386",1,1,1.91099776410777e-249,1385
"1387",1,1,1.71989798769699e-249,1386
"1388",1,1,1.54790818892729e-249,1387
"1389",2,0,1.08353573224911e-249,1388
"1390",2,0,7.58475012574374e-250,1389
"1391",2,0,5.30932508802062e-250,1390
"1392",2,0,3.71652756161443e-250,1391
"1393",2,0,2.6015692931301e-250,1392
"1394",2,0,1.82109850519107e-250,1393
"1395",2,1,5.46329551557322e-251,1394
"1396",2,0,3.82430686090125e-251,1395
"1397",2,0,2.67701480263088e-251,1396
"1398",2,1,8.03104440789263e-252,1397
"1399",1,1,7.22793996710336e-252,1398
"1400",1,1,6.50514597039303e-252,1399
"1401",1,0,6.50514597039303e-253,1400
"1402",1,1,5.85463137335373e-253,1401
"1403",2,0,4.09824196134761e-253,1402
"1404",1,1,3.68841776521285e-253,1403
"1405",1,1,3.31957598869156e-253,1404
"1406",1,1,2.98761838982241e-253,1405
"1407",1,1,2.68885655084017e-253,1406
"1408",2,0,1.88219958558812e-253,1407
"1409",2,0,1.31753970991168e-253,1408
"1410",2,0,9.22277796938177e-254,1409
"1411",2,1,2.76683339081453e-254,1410
"1412",1,1,2.49015005173308e-254,1411
"1413",1,1,2.24113504655977e-254,1412
"1414",1,1,2.01702154190379e-254,1413
"1415",1,1,1.81531938771341e-254,1414
"1416",2,0,1.27072357139939e-254,1415
"1417",2,0,8.89506499979572e-255,1416
"1418",1,1,8.00555849981615e-255,1417
"1419",1,1,7.20500264983454e-255,1418
"1420",1,1,6.48450238485108e-255,1419
"1421",1,1,5.83605214636597e-255,1420
"1422",1,1,5.25244693172938e-255,1421
"1423",1,0,5.25244693172938e-256,1422
"1424",1,1,4.72720223855644e-256,1423
"1425",2,1,1.41816067156693e-256,1424
"1426",2,0,9.92712470096852e-257,1425
"1427",2,0,6.94898729067796e-257,1426
"1428",2,0,4.86429110347457e-257,1427
"1429",2,0,3.4050037724322e-257,1428
"1430",2,1,1.02150113172966e-257,1429
"1431",2,1,3.06450339518898e-258,1430
"1432",2,1,9.19351018556694e-259,1431
"1433",2,0,6.43545712989686e-259,1432
"1434",2,1,1.93063713896906e-259,1433
"1435",2,0,1.35144599727834e-259,1434
"1436",2,0,9.46012198094838e-260,1435
"1437",2,1,2.83803659428451e-260,1436
"1438",2,0,1.98662561599916e-260,1437
"1439",2,1,5.95987684799748e-261,1438
"1440",2,0,4.17191379359824e-261,1439
"1441",2,1,1.25157413807947e-261,1440
"1442",2,1,3.75472241423841e-262,1441
"1443",2,1,1.12641672427152e-262,1442
"1444",2,0,7.88491706990066e-263,1443
"1445",2,1,2.3654751209702e-263,1444
"1446",2,0,1.65583258467914e-263,1445
"1447",1,1,1.49024932621123e-263,1446
"1448",2,0,1.04317452834786e-263,1447
"1449",2,0,7.302221698435e-264,1448
"1450",2,0,5.1115551889045e-264,1449
"1451",2,0,3.57808863223315e-264,1450
"1452",1,1,3.22027976900984e-264,1451
"1453",1,1,2.89825179210885e-264,1452
"1454",1,1,2.60842661289797e-264,1453
"1455",1,1,2.34758395160817e-264,1454
"1456",1,1,2.11282555644735e-264,1455
"1457",1,1,1.90154300080262e-264,1456
"1458",2,0,1.33108010056183e-264,1457
"1459",2,0,9.31756070393283e-265,1458
"1460",1,1,8.38580463353954e-265,1459
"1461",1,0,8.38580463353954e-266,1460
"1462",1,1,7.54722417018559e-266,1461
"1463",2,1,2.26416725105568e-266,1462
"1464",1,1,2.03775052595011e-266,1463
"1465",1,1,1.8339754733551e-266,1464
"1466",1,1,1.65057792601959e-266,1465
"1467",1,1,1.48552013341763e-266,1466
"1468",2,0,1.03986409339234e-266,1467
"1469",1,1,9.35877684053107e-267,1468
"1470",1,1,8.42289915647796e-267,1469
"1471",1,1,7.58060924083016e-267,1470
"1472",1,0,7.58060924083016e-268,1471
"1473",1,1,6.82254831674715e-268,1472
"1474",1,1,6.14029348507243e-268,1473
"1475",1,0,6.14029348507243e-269,1474
"1476",1,1,5.52626413656519e-269,1475
"1477",1,1,4.97363772290867e-269,1476
"1478",1,1,4.47627395061781e-269,1477
"1479",1,0,4.47627395061781e-270,1478
"1480",2,0,3.13339176543246e-270,1479
"1481",2,0,2.19337423580272e-270,1480
"1482",2,0,1.53536196506191e-270,1481
"1483",2,1,4.60608589518572e-271,1482
"1484",2,0,3.22426012663e-271,1483
"1485",2,0,2.256982088641e-271,1484
"1486",2,0,1.5798874620487e-271,1485
"1487",2,0,1.10592122343409e-271,1486
"1488",2,0,7.74144856403864e-272,1487
"1489",2,1,2.32243456921159e-272,1488
"1490",1,1,2.09019111229043e-272,1489
"1491",1,1,1.88117200106139e-272,1490
"1492",1,1,1.69305480095525e-272,1491
"1493",1,1,1.52374932085973e-272,1492
"1494",1,1,1.37137438877375e-272,1493
"1495",1,1,1.23423694989638e-272,1494
"1496",1,1,1.11081325490674e-272,1495
"1497",2,0,7.77569278434718e-273,1496
"1498",2,1,2.33270783530415e-273,1497
"1499",2,0,1.63289548471291e-273,1498
"1500",2,1,4.89868645413872e-274,1499
"1501",2,0,3.4290805178971e-274,1500
"1502",2,0,2.40035636252797e-274,1501
"1503",2,0,1.68024945376958e-274,1502
"1504",1,1,1.51222450839262e-274,1503
"1505",1,1,1.36100205755336e-274,1504
"1506",1,1,1.22490185179802e-274,1505
"1507",1,1,1.10241166661822e-274,1506
"1508",1,1,9.921704999564e-275,1507
"1509",1,1,8.9295344996076e-275,1508
"1510",2,0,6.25067414972532e-275,1509
"1511",2,0,4.37547190480772e-275,1510
"1512",2,1,1.31264157144232e-275,1511
"1513",2,1,3.93792471432695e-276,1512
"1514",2,0,2.75654730002887e-276,1513
"1515",2,1,8.2696419000866e-277,1514
"1516",1,1,7.44267771007794e-277,1515
"1517",1,1,6.69840993907015e-277,1516
"1518",1,1,6.02856894516313e-277,1517
"1519",1,1,5.42571205064682e-277,1518
"1520",1,1,4.88314084558214e-277,1519
"1521",1,1,4.39482676102392e-277,1520
"1522",2,0,3.07637873271675e-277,1521
"1523",2,1,9.22913619815024e-278,1522
"1524",2,0,6.46039533870517e-278,1523
"1525",1,1,5.81435580483465e-278,1524
"1526",1,1,5.23292022435119e-278,1525
"1527",1,1,4.70962820191607e-278,1526
"1528",1,0,4.70962820191607e-279,1527
"1529",1,1,4.23866538172446e-279,1528
"1530",1,1,3.81479884355201e-279,1529
"1531",1,1,3.43331895919681e-279,1530
"1532",1,0,3.43331895919681e-280,1531
"1533",1,1,3.08998706327713e-280,1532
"1534",1,1,2.78098835694942e-280,1533
"1535",1,1,2.50288952125448e-280,1534
"1536",1,0,2.50288952125448e-281,1535
"1537",1,1,2.25260056912903e-281,1536
"1538",1,1,2.02734051221613e-281,1537
"1539",1,1,1.82460646099451e-281,1538
"1540",1,1,1.64214581489506e-281,1539
"1541",1,1,1.47793123340556e-281,1540
"1542",1,1,1.330138110065e-281,1541
"1543",1,1,1.1971242990585e-281,1542
"1544",1,1,1.07741186915265e-281,1543
"1545",1,1,9.69670682237386e-282,1544
"1546",1,1,8.72703614013647e-282,1545
"1547",1,1,7.85433252612283e-282,1546
"1548",1,1,7.06889927351054e-282,1547
"1549",1,1,6.36200934615949e-282,1548
"1550",2,0,4.45340654231164e-282,1549
"1551",2,0,3.11738457961815e-282,1550
"1552",1,1,2.80564612165633e-282,1551
"1553",1,1,2.5250815094907e-282,1552
"1554",1,1,2.27257335854163e-282,1553
"1555",1,1,2.04531602268747e-282,1554
"1556",1,1,1.84078442041872e-282,1555
"1557",1,1,1.65670597837685e-282,1556
"1558",1,1,1.49103538053916e-282,1557
"1559",2,0,1.04372476637741e-282,1558
"1560",2,1,3.13117429913224e-283,1559
"1561",2,0,2.19182200939257e-283,1560
"1562",2,1,6.57546602817771e-284,1561
"1563",1,1,5.91791942535994e-284,1562
"1564",1,1,5.32612748282395e-284,1563
"1565",1,1,4.79351473454155e-284,1564
"1566",1,1,4.3141632610874e-284,1565
"1567",1,1,3.88274693497866e-284,1566
"1568",1,1,3.49447224148079e-284,1567
"1569",1,1,3.14502501733271e-284,1568
"1570",1,1,2.83052251559944e-284,1569
"1571",1,1,2.5474702640395e-284,1570
"1572",1,1,2.29272323763555e-284,1571
"1573",1,0,2.29272323763555e-285,1572
"1574",1,1,2.06345091387199e-285,1573
"1575",1,0,2.06345091387199e-286,1574
"1576",1,1,1.85710582248479e-286,1575
"1577",1,1,1.67139524023631e-286,1576
"1578",1,1,1.50425571621268e-286,1577
"1579",1,1,1.35383014459141e-286,1578
"1580",1,1,1.21844713013227e-286,1579
"1581",2,1,3.65534139039682e-287,1580
"1582",2,0,2.55873897327777e-287,1581
"1583",2,1,7.67621691983332e-288,1582
"1584",2,1,2.30286507595e-288,1583
"1585",2,1,6.90859522784999e-289,1584
"1586",2,0,4.83601665949499e-289,1585
"1587",1,1,4.35241499354549e-289,1586
"1588",1,1,3.91717349419094e-289,1587
"1589",1,1,3.52545614477185e-289,1588
"1590",1,1,3.17291053029466e-289,1589
"1591",1,1,2.8556194772652e-289,1590
"1592",2,0,1.99893363408564e-289,1591
"1593",2,1,5.99680090225691e-290,1592
"1594",1,1,5.39712081203122e-290,1593
"1595",1,1,4.8574087308281e-290,1594
"1596",1,0,4.8574087308281e-291,1595
"1597",1,1,4.37166785774529e-291,1596
"1598",1,0,4.37166785774529e-292,1597
"1599",1,1,3.93450107197076e-292,1598
"1600",1,1,3.54105096477369e-292,1599
"1601",1,0,3.54105096477369e-293,1600
"1602",1,1,3.18694586829632e-293,1601
"1603",1,1,2.86825128146669e-293,1602
"1604",1,1,2.58142615332002e-293,1603
"1605",1,1,2.32328353798802e-293,1604
"1606",1,1,2.09095518418921e-293,1605
"1607",1,1,1.88185966577029e-293,1606
"1608",1,1,1.69367369919326e-293,1607
"1609",1,1,1.52430632927394e-293,1608
"1610",1,1,1.37187569634654e-293,1609
"1611",1,1,1.23468812671189e-293,1610
"1612",1,1,1.1112193140407e-293,1611
"1613",1,0,1.1112193140407e-294,1612
"1614",1,0,1.1112193140407e-295,1613
"1615",1,0,1.1112193140407e-296,1614
"1616",1,1,1.00009738263663e-296,1615
"1617",1,1,9.00087644372968e-297,1616
"1618",1,0,9.00087644372968e-298,1617
"1619",2,1,2.7002629331189e-298,1618
"1620",2,0,1.89018405318323e-298,1619
"1621",2,0,1.32312883722826e-298,1620
"1622",2,0,9.26190186059784e-299,1621
"1623",2,0,6.48333130241849e-299,1622
"1624",2,0,4.53833191169294e-299,1623
"1625",2,0,3.17683233818506e-299,1624
"1626",1,1,2.85914910436655e-299,1625
"1627",2,0,2.00140437305659e-299,1626
"1628",1,1,1.80126393575093e-299,1627
"1629",1,1,1.62113754217583e-299,1628
"1630",2,0,1.13479627952308e-299,1629
"1631",2,0,7.94357395666159e-300,1630
"1632",2,1,2.38307218699848e-300,1631
"1633",2,0,1.66815053089893e-300,1632
"1634",1,1,1.50133547780904e-300,1633
"1635",1,1,1.35120193002814e-300,1634
"1636",1,1,1.21608173702532e-300,1635
"1637",1,1,1.09447356332279e-300,1636
"1638",1,1,9.85026206990512e-301,1637
"1639",2,1,2.95507862097153e-301,1638
"1640",2,0,2.06855503468007e-301,1639
"1641",2,0,1.44798852427605e-301,1640
"1642",2,0,1.01359196699324e-301,1641
"1643",2,0,7.09514376895265e-302,1642
"1644",2,0,4.96660063826686e-302,1643
"1645",2,1,1.48998019148006e-302,1644
"1646",2,1,4.46994057444017e-303,1645
"1647",2,0,3.12895840210812e-303,1646
"1648",2,0,2.19027088147568e-303,1647
"1649",1,1,1.97124379332812e-303,1648
"1650",2,1,5.91373137998435e-304,1649
"1651",1,1,5.32235824198591e-304,1650
"1652",1,1,4.79012241778732e-304,1651
"1653",1,1,4.31111017600859e-304,1652
"1654",1,1,3.87999915840773e-304,1653
"1655",2,1,1.16399974752232e-304,1654
"1656",2,0,8.14799823265623e-305,1655
"1657",2,0,5.70359876285936e-305,1656
"1658",2,1,1.71107962885781e-305,1657
"1659",2,0,1.19775574020047e-305,1658
"1660",2,1,3.5932672206014e-306,1659
"1661",2,0,2.51528705442098e-306,1660
"1662",2,0,1.76070093809468e-306,1661
"1663",2,0,1.23249065666628e-306,1662
"1664",2,1,3.69747196999884e-307,1663
"1665",1,1,3.32772477299895e-307,1664
"1666",1,1,2.99495229569906e-307,1665
"1667",1,1,2.69545706612915e-307,1666
"1668",1,1,2.42591135951624e-307,1667
"1669",1,1,2.18332022356461e-307,1668
"1670",1,1,1.96498820120815e-307,1669
"1671",1,0,1.96498820120815e-308,1670
"1672",1,1,1.76848938108734e-308,1671
"1673",1,1,1.5916404429786e-308,1672
"1674",1,1,1.43247639868074e-308,1673
"1675",1,1,1.28922875881267e-308,1674
"1676",1,1,1.1603058829314e-308,1675
"1677",2,1,3.48091764879421e-309,1676
"1678",1,1,3.13282588391479e-309,1677
"1679",1,1,2.81954329552331e-309,1678
"1680",1,1,2.53758896597098e-309,1679
"1681",1,1,2.28383006937388e-309,1680
"1682",1,1,2.0554470624365e-309,1681
"1683",1,1,1.84990235619285e-309,1682
"1684",1,1,1.66491212057356e-309,1683
"1685",2,1,4.99473636172071e-310,1684
"1686",2,1,1.49842090851622e-310,1685
"1687",1,1,1.34857881766458e-310,1686
"1688",1,1,1.21372093589813e-310,1687
"1689",1,1,1.09234884230834e-310,1688
"1690",2,0,7.64644189615847e-311,1689
"1691",2,1,2.29393256884769e-311,1690
"1692",2,1,6.8817977065411e-312,1691
"1693",1,1,6.19361793588649e-312,1692
"1694",1,1,5.57425614229685e-312,1693
"1695",1,1,5.01683052806865e-312,1694
"1696",2,0,3.51178136964608e-312,1695
"1697",1,1,3.16060323268098e-312,1696
"1698",1,1,2.84454290941535e-312,1697
"1699",1,1,2.56008861847629e-312,1698
"1700",1,1,2.30407975662668e-312,1699
"1701",1,0,2.30407975662174e-313,1700
"1702",1,1,2.07367178097933e-313,1701
"1703",1,1,1.86630460287646e-313,1702
"1704",1,1,1.67967414257893e-313,1703
"1705",2,1,5.03902242753916e-314,1704
"1706",2,1,1.51170672806412e-314,1705
"1707",2,0,1.0581947097931e-314,1706
"1708",2,0,7.4073629690458e-315,1707
"1709",1,1,6.66662667016496e-315,1708
"1710",2,0,4.66663866911547e-315,1709
"1711",2,1,1.3999916027109e-315,1710
"1712",2,0,9.79994119427304e-316,1711
"1713",2,0,6.85995885575375e-316,1712
"1714",2,0,4.80197119408697e-316,1713
"1715",2,0,3.36137982103891e-316,1714
"1716",2,1,1.00841392160839e-316,1715
"1717",2,0,7.05889720422591e-317,1716
"1718",2,0,4.9412280923647e-317,1717
"1719",2,0,3.45885971406186e-317,1718
"1720",2,1,1.03765791421856e-317,1719
"1721",2,1,3.11297423672132e-318,1720
"1722",2,0,2.17908147163928e-318,1721
"1723",2,0,1.52535851234443e-318,1722
"1724",2,0,1.06774997050981e-318,1723
"1725",2,0,7.47422509028638e-319,1724
"1726",1,1,6.72680258125774e-319,1725
"1727",1,1,6.05413220444488e-319,1726
"1728",1,0,6.05428042413864e-320,1727
"1729",1,1,5.44905000798311e-320,1728
"1730",2,1,1.63486322208868e-320,1729
"1731",2,0,1.14425603576833e-320,1730
"1732",2,1,3.43375623859666e-321,1731
"1733",1,1,3.0928509429662e-321,1732
"1734",1,1,2.78158958608622e-321,1733
"1735",1,1,2.50491282441512e-321,1734
"1736",1,1,2.25293934503608e-321,1735
"1737",1,1,2.02566914794911e-321,1736
"1738",1,1,1.8231022331542e-321,1737
"1739",1,1,1.64029794419294e-321,1738
"1740",1,1,1.47725628106533e-321,1739
"1741",1,1,1.32903658731295e-321,1740
"1742",1,1,1.19563886293582e-321,1741
"1743",1,1,1.07706310793392e-321,1742
"1744",1,0,1.08694442085074e-322,1743
"1745",1,1,9.88131291682493e-323,1744
"1746",1,1,8.89318162514244e-323,1745
"1747",1,1,7.90505033345994e-323,1746
"1748",1,1,6.91691904177745e-323,1747
"1749",1,1,6.42285339593621e-323,1748
"1750",1,1,5.92878775009496e-323,1749
"1751",1,1,5.43472210425371e-323,1750
"1752",1,1,4.94065645841247e-323,1751
"1753",1,1,4.44659081257122e-323,1752
"1754",1,1,3.95252516672997e-323,1753
"1755",1,0,4.94065645841247e-324,1754
"1756",1,1,4.94065645841247e-324,1755
"1757",1,1,4.94065645841247e-324,1756
"1758",1,1,4.94065645841247e-324,1757
"1759",1,1,4.94065645841247e-324,1758
"1760",2,0,4.94065645841247e-324,1759
"1761",2,1,0,1760
"1762",2,1,0,1761
"1763",2,1,0,1762
"1764",1,1,0,1763
"1765",1,1,0,1764
"1766",1,1,0,1765
"1767",2,0,0,1766
"1768",2,1,0,1767
"1769",2,0,0,1768
"1770",2,0,0,1769
"1771",2,1,0,1770
"1772",2,0,0,1771
"1773",2,0,0,1772
"1774",2,0,0,1773
"1775",2,0,0,1774
"1776",1,1,0,1775
"1777",1,1,0,1776
"1778",1,1,0,1777
"1779",2,0,0,1778
"1780",2,0,0,1779
"1781",2,1,0,1780
"1782",1,1,0,1781
"1783",1,0,0,1782
"1784",1,1,0,1783
"1785",2,0,0,1784
"1786",2,0,0,1785
"1787",2,1,0,1786
"1788",2,0,0,1787
"1789",2,0,0,1788
"1790",2,1,0,1789
"1791",1,1,0,1790
"1792",1,1,0,1791
"1793",1,1,0,1792
"1794",1,1,0,1793
"1795",1,1,0,1794
"1796",1,1,0,1795
"1797",2,0,0,1796
"1798",1,1,0,1797
"1799",1,1,0,1798
"1800",1,1,0,1799
"1801",1,1,0,1800
"1802",1,1,0,1801
"1803",1,1,0,1802
"1804",2,0,0,1803
"1805",2,0,0,1804
"1806",2,0,0,1805
"1807",2,0,0,1806
"1808",2,1,0,1807
"1809",2,1,0,1808
"1810",2,1,0,1809
"1811",2,0,0,1810
"1812",1,1,0,1811
"1813",1,0,0,1812
"1814",1,1,0,1813
"1815",1,1,0,1814
"1816",1,1,0,1815
"1817",1,1,0,1816
"1818",1,1,0,1817
"1819",1,1,0,1818
"1820",1,1,0,1819
"1821",1,1,0,1820
"1822",1,1,0,1821
"1823",1,1,0,1822
"1824",1,1,0,1823
"1825",1,0,0,1824
"1826",1,1,0,1825
"1827",1,1,0,1826
"1828",1,1,0,1827
"1829",1,0,0,1828
"1830",1,1,0,1829
"1831",1,0,0,1830
"1832",1,1,0,1831
"1833",1,1,0,1832
"1834",1,1,0,1833
"1835",1,1,0,1834
"1836",1,1,0,1835
"1837",1,1,0,1836
"1838",1,1,0,1837
"1839",2,0,0,1838
"1840",2,0,0,1839
"1841",2,0,0,1840
"1842",2,0,0,1841
"1843",2,0,0,1842
"1844",2,1,0,1843
"1845",2,1,0,1844
"1846",1,1,0,1845
"1847",2,1,0,1846
"1848",2,1,0,1847
"1849",2,0,0,1848
"1850",2,0,0,1849
"1851",2,0,0,1850
"1852",2,1,0,1851
"1853",2,0,0,1852
"1854",2,0,0,1853
"1855",2,0,0,1854
"1856",2,0,0,1855
"1857",2,1,0,1856
"1858",1,1,0,1857
"1859",1,1,0,1858
"1860",1,0,0,1859
"1861",1,1,0,1860
"1862",1,1,0,1861
"1863",1,1,0,1862
"1864",1,1,0,1863
"1865",1,1,0,1864
"1866",1,1,0,1865
"1867",1,1,0,1866
"1868",1,1,0,1867
"1869",1,1,0,1868
"1870",1,1,0,1869
"1871",1,1,0,1870
"1872",2,0,0,1871
"1873",2,0,0,1872
"1874",2,0,0,1873
"1875",2,1,0,1874
"1876",2,0,0,1875
"1877",1,0,0,1876
"1878",1,1,0,1877
"1879",1,1,0,1878
"1880",1,1,0,1879
"1881",2,1,0,1880
"1882",2,0,0,1881
"1883",2,0,0,1882
"1884",1,1,0,1883
"1885",1,1,0,1884
"1886",1,1,0,1885
"1887",1,1,0,1886
"1888",1,1,0,1887
"1889",1,1,0,1888
"1890",1,1,0,1889
"1891",1,1,0,1890
"1892",1,1,0,1891
"1893",1,1,0,1892
"1894",1,0,0,1893
"1895",1,1,0,1894
"1896",2,1,0,1895
"1897",2,0,0,1896
"1898",2,0,0,1897
"1899",2,0,0,1898
"1900",2,0,0,1899
"1901",2,0,0,1900
"1902",1,1,0,1901
"1903",1,1,0,1902
"1904",1,1,0,1903
"1905",1,1,0,1904
"1906",1,1,0,1905
"1907",2,0,0,1906
"1908",2,0,0,1907
"1909",2,0,0,1908
"1910",2,0,0,1909
"1911",2,1,0,1910
"1912",2,0,0,1911
"1913",2,0,0,1912
"1914",2,0,0,1913
"1915",2,1,0,1914
"1916",1,1,0,1915
"1917",1,0,0,1916
"1918",1,1,0,1917
"1919",1,1,0,1918
"1920",1,1,0,1919
"1921",1,1,0,1920
"1922",1,1,0,1921
"1923",2,0,0,1922
"1924",2,0,0,1923
"1925",2,1,0,1924
"1926",2,0,0,1925
"1927",2,0,0,1926
"1928",2,0,0,1927
"1929",2,0,0,1928
"1930",2,0,0,1929
"1931",1,1,0,1930
"1932",1,1,0,1931
"1933",1,1,0,1932
"1934",1,1,0,1933
"1935",1,1,0,1934
"1936",1,0,0,1935
"1937",1,1,0,1936
"1938",2,1,0,1937
"1939",2,1,0,1938
"1940",2,0,0,1939
"1941",2,0,0,1940
"1942",1,1,0,1941
"1943",1,1,0,1942
"1944",1,1,0,1943
"1945",1,1,0,1944
"1946",1,1,0,1945
"1947",1,1,0,1946
"1948",1,0,0,1947
"1949",1,1,0,1948
"1950",1,1,0,1949
"1951",1,0,0,1950
"1952",1,1,0,1951
"1953",2,1,0,1952
"1954",2,1,0,1953
"1955",2,1,0,1954
"1956",2,1,0,1955
"1957",2,0,0,1956
"1958",1,1,0,1957
"1959",1,1,0,1958
"1960",1,0,0,1959
"1961",1,1,0,1960
"1962",1,1,0,1961
"1963",1,1,0,1962
"1964",1,1,0,1963
"1965",1,1,0,1964
"1966",1,1,0,1965
"1967",1,1,0,1966
"1968",1,0,0,1967
"1969",2,0,0,1968
"1970",2,1,0,1969
"1971",2,0,0,1970
"1972",2,1,0,1971
"1973",1,1,0,1972
"1974",1,1,0,1973
"1975",1,1,0,1974
"1976",1,1,0,1975
"1977",1,1,0,1976
"1978",1,1,0,1977
"1979",2,1,0,1978
"1980",2,0,0,1979
"1981",2,1,0,1980
"1982",2,1,0,1981
"1983",2,1,0,1982
"1984",2,0,0,1983
"1985",2,0,0,1984
"1986",2,0,0,1985
"1987",2,0,0,1986
"1988",2,0,0,1987
"1989",1,1,0,1988
"1990",2,0,0,1989
"1991",2,1,0,1990
"1992",2,0,0,1991
"1993",2,1,0,1992
"1994",2,1,0,1993
"1995",2,0,0,1994
"1996",2,1,0,1995
"1997",2,0,0,1996
"1998",2,0,0,1997
"1999",2,0,0,1998
"2000",2,0,0,1999
"2001",2,0,0,2000
